IDPIF,SUPQUEMADA,RADIO_M,MUERTOS,HERIDOS,IDCOMUNIDAD,COMUNIDAD,IDPROVINCIA,PROVINCIA,COMARCA,MUNICIPIO,LATITUD,LONGITUD,FECHA,TIME_CTRL,TIME_EXT,RES_GRP_CAUSA,IDGRUPOCAUSA,CAUSA,PERSONAL,PESADOS,AEREOS,GASTOS_EXT,PERDIDAS
2004210126,29867.0000,9750.36,0,1,4,ANDALUCIA,21,HUELVA,CUENCA MINERA,MINAS DE RIOTINTO,37.69176000,-6.59999000,2004-07-27,9625,11065,1,4,Provocados por pirómanos,963,55,17,0,4488390
2012460248,28879.1000,9587.75,0,0,9,C. VALENCIANA,46,VALENCIA,LA VALL D AYORA,CORTES DE PALLÁS,39.26911600,-0.95578700,2012-06-28,10320,24772,0,3,MOTORES Y MÁQUINAS (SIN ESPECIFICAR),1540,109,37,0,12607966
2012460247,20064.9000,7991.78,0,2,9,C. VALENCIANA,46,VALENCIA,ELS SERRANS,ANDILLA,39.75925100,-0.77668600,2012-06-29,9834,30474,0,2,OTRAS NEGLIGENCIAS (OTRAS),2809,124,115,0,30640114
2007350042,18672.9000,7709.58,0,1,12,CANARIAS,35,LAS PALMAS,GRAN CANARIA,TEJEDA,27.94616600,-15.66156600,2007-07-27,7011,42168,1,4,Otras motivaciones,601,66,11,0,0
2007380023,16820.6300,7317.22,0,0,12,CANARIAS,38,S.C. TENERIFE,TENERIFE,"REALEJOS, LOS",28.35834600,-16.60359300,2007-07-30,4353,24523,1,4,Sin datos,1100,71,14,184705,0
2005190182,12732.7300,6366.28,11,3,11,CASTILLA-MANCHA,19,GUADALAJARA,ALCARRIA ALTA,RIBA DE SAELICES,40.93993300,-2.29250000,2005-07-16,6886,24851,0,2,HOGUERAS,1045,81,29,551169,23142608
2012240531,11592.0000,6074.41,0,1,17,CASTILLA Y LEON,24,LEON,LA BAÑEZA,CASTROCONTRIGO,42.19313200,-6.22720800,2012-08-19,13224,26184,1,4,Provocados por campesinos para eliminar matorral y residuos agrícolas,273,28,32,0,0
2005100838,9901.4700,5614.03,0,0,14,EXTREMADURA,10,CACERES,IBORES-VILLUERCAS,CAÑAMERO,39.38115400,-5.37991000,2005-07-21,1738,9073,1,4,Otras motivaciones,506,77,24,0,14066413
2003100794,9562.6600,5517.14,0,0,14,EXTREMADURA,10,CACERES,SIERRA DE SAN PEDRO,PORTUGAL,39.25377800,-7.24977400,2003-08-02,4320,14350,0,1,RAYO,830,23,14,0,4277026
2012170124,8729.8000,5271.41,0,0,2,CATALUÑA,17,GIRONA,ALT EMPORDA,"JONQUERA, LA",42.45831400,2.86589800,2012-07-22,6888,11217,0,2,FUMADORES,1695,99,28,0,0
2012290166,8037.1400,5057.96,0,0,4,ANDALUCIA,29,MALAGA,VALLE DE GUADALHORCE,COÍN,36.61017700,-4.73519100,2012-08-30,4300,6550,0,2,QUEMA AGRÍCOLA (QUEMA DE RESTOS DE PODA),1869,83,43,0,0
2006361456,7316.7700,4825.97,0,2,3,GALICIA,36,PONTEVEDRA,DEZA-TABEIROS,CERDEDO,42.54299400,-8.43642600,2006-08-04,1765,9040,1,4,Provocados por pirómanos,535,52,23,263160,15426315
2004230117,7136.6000,4766.18,0,0,4,ANDALUCIA,23,JAEN,SIERRA MORENA,ALDEAQUEMADA,38.43810000,-3.31853100,2004-08-26,1310,5480,1,4,Sin datos,632,45,26,173350,1704994
2009440084,6677.8900,4610.46,0,0,10,ARAGON,44,TERUEL,CUENCAS MINERAS,ALIAGA,40.71014000,-0.65960400,2009-07-22,9095,24830,0,1,RAYO,822,40,35,582917,28554150
2012380717,6512.0000,4552.83,0,1,12,CANARIAS,38,S.C. TENERIFE,TENERIFE,ADEJE,28.13963800,-16.69034800,2012-07-15,8815,152365,0,2,FUMADORES,824,38,14,0,0
2009500179,6459.1600,4534.32,0,0,10,ARAGON,50,ZARAGOZA,ZARAGOZA,ZARAGOZA,41.86552900,-0.99850900,2009-08-18,4465,7675,0,3,MANIOBRAS MILITARES,480,46,21,0,13391337
2003100718,6365.7000,4501.40,0,0,14,EXTREMADURA,10,CACERES,HURDES,OTRA PROVINCIA,40.45754100,-6.41557700,2003-08-13,0,14430,0,2,QUEMA AGRÍCOLA (SIN ESPECIFICAR),273,21,23,0,12477772
2003050106,6275.0000,4469.22,0,1,17,CASTILLA Y LEON,5,AVILA,EL BARCO DE AVILA,SOLANA DE ÁVILA,40.33267000,-5.64525800,2003-08-03,4425,20490,1,4,Vandalismo,347,18,15,0,753719
2007120090,5775.0200,4287.47,0,0,9,C. VALENCIANA,12,CASTELLON,L ALCALATEN,"USERES, LES/USERAS",40.15479000,-0.18883300,2007-08-28,5755,14695,0,3,MOTORES Y MÁQUINAS (SIN ESPECIFICAR),765,10,38,0,0
2012020224,5207.2800,4071.27,0,0,11,CASTILLA-MANCHA,2,ALBACETE,HELLIN,HELLÍN,38.44883400,-1.77295800,2012-07-01,2762,7442,1,4,Provocados por venganzas,489,48,39,0,0
2005490807,4650.0000,3847.26,0,0,17,CASTILLA Y LEON,49,ZAMORA,EL PUENTE,PORTO,42.21761600,-6.73633600,2005-10-01,14190,14970,1,4,Sin datos,33,4,9,41779,0
2005230249,4506.5000,3787.43,0,7,4,ANDALUCIA,23,JAEN,LAS VILLAS,VILLANUEVA DEL ARZOBISPO,38.14098500,-2.83285200,2005-08-07,5090,12290,0,1,RAYO,1455,28,42,0,0
2009040055,4444.2700,3761.19,0,0,4,ANDALUCIA,4,ALMERIA,LEVANTE ALMERIENSE,TURRE,37.07538600,-1.96103600,2009-07-14,2683,7033,0,1,RAYO,437,24,17,0,0
2004100257,4370.0000,3729.63,0,0,14,EXTREMADURA,10,CACERES,CACERES-CENTRO,CÁCERES,39.51632300,-6.31837200,2004-06-30,910,3550,0,2,OTRAS NEGLIGENCIAS (SIN ESPECIFICAR),253,23,9,0,0
2012500249,4281.0700,3691.48,0,0,10,ARAGON,50,ZARAGOZA,ARANDA,CALCENA,41.67932400,-1.67571700,2012-08-27,5982,14577,0,2,OTRAS NEGLIGENCIAS (SIN ESPECIFICAR),703,66,24,0,18384082
2009050152,4031.1800,3582.12,1,1,17,CASTILLA Y LEON,5,AVILA,ARENAS DE SAN PEDRO,ARENAS DE SAN PEDRO,40.23254700,-5.06782400,2009-07-28,8409,40659,1,4,Sin datos,832,85,44,0,0
2012460249,3703.3300,3433.37,0,0,9,C. VALENCIANA,46,VALENCIA,ELS SERRANS,CHULILLA,39.63595100,-0.87614000,2012-09-23,3100,7210,0,5,CAUSA DESCONOCIDA,709,40,28,0,5111970
2003100635,3682.6900,3423.79,0,0,14,EXTREMADURA,10,CACERES,CACERES-CENTRO,CASAS DE MILLÁN,39.79378400,-6.27752200,2003-08-02,6130,9070,0,3,FERROCARRIL,130,18,8,0,1118492
2009380014,3464.3300,3320.73,0,2,12,CANARIAS,38,S.C. TENERIFE,LA PALMA,VILLA DE MAZO,28.54829100,-17.80240400,2009-07-31,4949,71815,0,2,OTRAS NEGLIGENCIAS (FUEGOS ARTIFICIALES),1137,27,14,0,0
2003160084,3300.0000,3241.02,0,0,11,CASTILLA-MANCHA,16,CUENCA,ALCARRIA,BUENDÍA,40.37520600,-2.76177600,2003-07-31,3280,6100,0,2,QUEMA DE BASURA,539,39,30,0,1506153
2005240664,3290.0000,3236.10,0,1,17,CASTILLA Y LEON,24,LEON,TRUCHAS,BENUZA,42.38287700,-6.67131200,2005-08-03,7420,9012,1,4,Sin datos,453,49,43,0,0
2011322255,3236.7000,3209.78,0,0,3,GALICIA,32,OURENSE,VALDEORRAS-TRIVES,MANZANEDA,42.22802200,-7.29015100,2011-10-13,8814,12637,0,6,INCENDIO REPRODUCIDO,436,33,42,0,0
2001120101,3200.0000,3191.53,0,0,9,C. VALENCIANA,12,CASTELLON,EL BAIX MAESTRAT,XERT/CHERT,40.53549500,0.13556200,2001-08-29,6545,11951,0,1,RAYO,364,6,32,0,2635029
2003100544,3068.3200,3125.18,0,0,14,EXTREMADURA,10,CACERES,CACERES-CENTRO,ALCUÉSCAR,39.17870300,-6.33155500,2003-08-02,2395,4795,0,1,RAYO,112,16,7,0,813241
2009100551,3018.7100,3099.81,0,3,14,EXTREMADURA,10,CACERES,HURDES,NUÑOMORAL,40.41045000,-6.22751800,2009-07-25,8375,21995,1,4,Provocados por venganzas,1557,227,83,0,0
2005490795,3006.1400,3093.35,0,0,17,CASTILLA Y LEON,49,ZAMORA,EL PUENTE,PORTO,42.22054500,-6.77372900,2005-09-26,18850,21790,1,4,Provocados por pastores y ganaderos para regenerar el pasto,28,1,6,349,0
2003080273,2952.5800,3065.67,5,0,2,CATALUÑA,8,BARCELONA,VALLS OCCIDENTAL,SANT LLORENÇ SAVALL,41.66929500,2.04499300,2003-08-10,8223,26053,1,4,Sin datos,749,76,24,0,0
2005362909,2896.0000,3036.15,0,0,3,GALICIA,36,PONTEVEDRA,VIGO-BAIXO MIÑO,PAZOS DE BORBÉN,42.27861000,-8.53150500,2005-08-20,2015,2020,1,4,Otras motivaciones,241,13,11,58017,5871408
2001220054,2869.9000,3022.44,0,0,10,ARAGON,22,HUESCA,HOYA DE HUESCA/PLANA DE UESCA,"PEÑAS DE RIGLOS, LAS",42.34291200,-0.57447200,2001-08-01,5825,12965,0,1,RAYO,384,24,15,16071,1447380
2003370098,2849.0000,3011.41,0,0,17,CASTILLA Y LEON,37,SALAMANCA,GUIJUELO,OTRA PROVINCIA,40.37167000,-5.59290300,2003-08-04,0,4950,1,4,Vandalismo,32,4,1,0,3269788
2006152162,2842.0000,3007.71,0,0,3,GALICIA,15,A CORUÑA,FISTERRA,MUXÍA,43.02456000,-9.12747300,2006-08-10,7840,8370,1,4,Sin datos,194,31,14,0,14299110
2012430143,2735.0400,2950.57,0,0,2,CATALUÑA,43,TARRAGONA,RIBERA D EBRE,RASQUERA,40.96775800,0.59952900,2012-05-15,3538,7567,1,4,Sin datos,572,0,10,0,0
2012220135,2730.0000,2947.85,0,5,10,ARAGON,22,HUESCA,RIBAGORZA,MONTANUY,42.50022400,0.66054600,2012-03-08,8725,19705,0,2,QUEMA AGRÍCOLA (SIN ESPECIFICAR),550,36,17,0,344620
2012384008,2676.8100,2918.99,0,3,12,CANARIAS,38,S.C. TENERIFE,LA GOMERA,ALAJERÓ,28.09281400,-17.24747000,2012-08-04,73880,123860,1,4,Represalia al reducirse las inversiones públicas en los montes,874,22,18,0,0
2003210130,2590.0000,2871.27,0,2,4,ANDALUCIA,21,HUELVA,SIERRA DE HUELVA,ALMONASTER LA REAL,37.80367500,-6.89088500,2003-08-01,3975,6135,0,1,RAYO,430,32,28,538758,4598355
2012490510,2571.2700,2860.87,0,0,17,CASTILLA Y LEON,49,ZAMORA,PUEBLA DE SANABRIA,PEDRALBA DE LA PRADERIA,41.95296700,-6.66528600,2012-09-22,1865,4159,1,4,Provocados por campesinos para eliminar matorral y residuos agrícolas,141,19,12,0,0
2005180248,2442.0000,2788.03,0,2,4,ANDALUCIA,18,GRANADA,SIERRA NEVADA (GR),LANJARÓN,36.94691900,-3.47213500,2005-09-22,2747,11447,0,2,HOGUERAS,722,19,38,1349489,1787327
2011322226,2424.4200,2777.97,0,0,3,GALICIA,32,OURENSE,INDETERMINADA (OU),PORTUGAL,41.87452900,-7.99160800,2011-10-13,8010,10820,1,4,Provocados por pastores y ganaderos para regenerar el pasto,86,6,10,0,368067
2003370144,2401.9300,2765.06,0,1,17,CASTILLA Y LEON,37,SALAMANCA,ROBLEDA,AGALLAS,40.45754100,-6.41557700,2003-08-13,885,4725,1,4,Sin datos,177,18,14,0,5212583
2006270737,2364.6700,2743.53,0,6,3,GALICIA,27,LUGO,TERRA DE LEMOS,QUIROGA,42.49681700,-7.12115200,2006-08-31,3620,9190,1,4,Sin datos,719,61,33,21356,2455013
2013070090,2347.1000,2733.32,0,0,15,ILLES BALEARS,7,ILLES BALEARS,MALLORCA,ANDRATX,39.57895200,2.42785400,2013-07-26,10530,26085,0,2,OTRAS NEGLIGENCIAS (OTRAS),1029,15,36,0,0
2012490225,2329.7600,2723.20,0,0,17,CASTILLA Y LEON,49,ZAMORA,PUEBLA DE SANABRIA,HERMISENDE,41.94242800,-6.84440300,2012-02-28,4260,5700,1,4,Provocados por cazadores para facilitar la caza,30,4,4,0,0
2009040065,2329.0700,2722.80,0,0,4,ANDALUCIA,4,ALMERIA,LEVANTE ALMERIENSE,TURRE,37.11325800,-1.90258800,2009-07-23,2346,56074,0,5,CAUSA DESCONOCIDA,572,41,5,0,0
2009240694,2301.3000,2706.52,0,0,17,CASTILLA Y LEON,24,LEON,VEGA DE ESPINAREDA,PERANZANES,42.87191400,-6.61322700,2009-09-10,7203,8059,1,4,Provocados por cazadores para facilitar la caza,234,11,20,0,0
2004210169,2259.2500,2681.68,0,0,4,ANDALUCIA,21,HUELVA,EL ANDEVALO,CALAÑAS,37.60727100,-6.84370200,2004-08-28,1253,5333,1,4,Sin datos,234,30,29,0,0
2013150740,2166.4800,2626.04,0,0,3,GALICIA,15,A CORUÑA,FISTERRA,CARNOTA,42.88249900,-9.11503300,2013-09-11,4157,5664,1,4,"Provocados para ahuyentar animales (lobos, jabalíes)",855,95,29,0,469665
2003100717,2150.0000,2616.03,0,0,14,EXTREMADURA,10,CACERES,SIERRA DE GATA,ACEBO,40.21899800,-6.71858200,2003-08-14,0,6290,0,5,CAUSA DESCONOCIDA,135,15,17,0,3721262
2001370073,2146.0000,2613.60,0,1,17,CASTILLA Y LEON,37,SALAMANCA,VITIGUDINO,BARRUECOPARDO,41.06989200,-6.66190200,2001-07-31,0,3300,1,4,Sin datos,258,16,4,0,172475
2006361593,2141.0200,2610.57,0,0,3,GALICIA,36,PONTEVEDRA,CALDAS-O SALNES,BARRO,42.50710300,-8.67794500,2006-08-06,4155,6670,1,4,Provocados por pirómanos,45,28,3,70964,8582496
2008500161,2131.4900,2604.75,0,0,10,ARAGON,50,ZARAGOZA,ZARAGOZA,ZUERA,41.91597400,-0.92149800,2008-08-05,4651,14776,0,3,MOTORES Y MÁQUINAS (ACCIDENTES DE VEHÍCULOS),951,74,24,0,0
2007140043,2124.7000,2600.60,0,0,4,ANDALUCIA,14,CORDOBA,VALLE DEL GUADIATO,OBEJO,38.05776900,-4.72733600,2007-07-27,4785,8220,0,2,OTRAS NEGLIGENCIAS (SIN ESPECIFICAR),691,21,26,1426641,5478219
2006460017,2094.0000,2581.74,0,0,9,C. VALENCIANA,46,VALENCIA,LA SAFOR,SIMAT LA VALLDIGNA,39.02626600,-0.29085700,2006-03-10,5429,8309,0,2,QUEMA DE BASURA,364,14,16,0,205512
2005100837,2085.4900,2576.49,0,0,14,EXTREMADURA,10,CACERES,IBORES-VILLUERCAS,ROBLEDOLLANO,39.60866700,-5.46679100,2005-07-21,1862,9002,1,4,Sin datos,364,30,23,0,1892859
2010460123,2059.3500,2560.29,0,0,9,C. VALENCIANA,46,VALENCIA,LA RIBERA ALTA,RAFELGUARAF,39.04573600,-0.43999400,2010-09-07,2496,5886,1,4,Sin datos,909,26,19,0,350044
2005450245,2058.4000,2559.70,0,0,11,CASTILLA-MANCHA,45,TOLEDO,LA JARA,OTRA PROVINCIA,39.44765800,-5.02375600,2005-08-25,1775,6005,1,4,Provocados por venganzas,297,35,15,0,1162731
2002100468,2049.7000,2554.29,0,0,14,EXTREMADURA,10,CACERES,SIERRA DE GATA,TORRECILLA  DE LOS ÁNGELES,40.25203500,-6.38976900,2002-08-17,3655,7315,0,5,CAUSA DESCONOCIDA,221,18,20,0,572957
2012386018,2028.0000,2540.73,0,0,12,CANARIAS,38,S.C. TENERIFE,LA PALMA,VILLA DE MAZO,28.58790000,-17.79236600,2012-08-04,5490,14362,0,2,FUMADORES,528,28,9,734038,0
2011331578,2012.2000,2530.81,0,0,5,ASTURIAS,33,ASTURIAS,NARCEA,ALLANDE,43.18709400,-6.77263500,2011-10-23,2071,2214,0,6,INCENDIO REPRODUCIDO,78,9,0,0,184246
2006152082,1999.9600,2523.10,0,0,3,GALICIA,15,A CORUÑA,FISTERRA,CAMARIÑAS,43.15467200,-9.13529500,2006-08-08,5955,8490,1,4,Otras motivaciones,227,26,9,0,7345933
2005322927,1970.0000,2504.13,0,0,3,GALICIA,32,OURENSE,VERIN-VIANA,VILARDEVÓS,42.36016500,-7.75727400,2005-08-17,0,8000,1,4,Provocados por campesinos para eliminar matorral y residuos agrícolas,233,26,18,0,0
2010460119,1957.1700,2495.96,0,0,9,C. VALENCIANA,46,VALENCIA,LA VALL D ALBAIDA,ONTINYENT,38.77143600,-0.67234200,2010-09-06,5612,10052,1,4,Sin datos,1124,51,45,0,68209
2002040043,1937.8600,2483.62,0,1,4,ANDALUCIA,4,ALMERIA,PONIENTE ALMERIENSE,ENIX,36.89826000,-2.55872800,2002-06-26,2145,3960,0,1,RAYO,370,15,17,30916,29632
2005386027,1890.0000,2452.76,0,0,12,CANARIAS,38,S.C. TENERIFE,LA PALMA,GARAFÍA,28.79812000,-17.89571800,2005-09-06,7060,11610,0,3,LÍNEAS ELÉCTRICAS,794,19,11,578194,0
2002180273,1879.9100,2446.20,0,1,4,ANDALUCIA,18,GRANADA,SIERRAS LITORALES,JETE,36.81686900,-3.64606200,2002-11-09,3345,5865,0,2,QUEMA AGRÍCOLA (SIN ESPECIFICAR),1102,69,23,0,1305938
2013360531,1824.0000,2409.55,0,0,3,GALICIA,36,PONTEVEDRA,VIGO-BAIXO MIÑO,OIA,42.00798300,-8.78925800,2013-08-26,4435,8765,1,4,Provocados por pastores y ganaderos para regenerar el pasto,838,77,23,564585,3636878
2006361536,1818.0000,2405.59,0,0,3,GALICIA,36,PONTEVEDRA,O CONDADO-A PARANDATA,ARBO,42.14795300,-8.30670500,2006-08-05,2465,2555,1,4,Provocados por pirómanos,86,7,7,46705,4075560
2006321160,1807.0000,2398.30,0,0,3,GALICIA,32,OURENSE,O RIBEIRO-ARENTEIRO,AVIÓN,42.43684100,-8.31083600,2006-08-11,5280,6660,1,4,Sin datos,282,23,22,0,3902587
2003370096,1804.3700,2396.55,0,0,17,CASTILLA Y LEON,37,SALAMANCA,LA ALBERCA,ESCURIAL DE LA SIERRA,40.61426300,-5.95628400,2003-08-03,470,3080,0,2,OTRAS NEGLIGENCIAS (SIN ESPECIFICAR),273,15,5,0,94927
2006361628,1773.4400,2375.92,0,0,3,GALICIA,36,PONTEVEDRA,CALDAS-O SALNES,CATOIRA,42.65484900,-8.68714000,2006-08-07,1790,1850,1,4,Provocados por pirómanos,77,10,2,25961,15001159
2009160215,1759.2800,2366.42,0,0,11,CASTILLA-MANCHA,16,CUENCA,SERRANIA ALTA,"MAJADAS, LAS",40.22651100,-1.98727900,2009-07-21,5495,17430,0,1,RAYO,621,47,42,0,0
2012321177,1749.8800,2360.09,0,0,3,GALICIA,32,OURENSE,VALDEORRAS-TRIVES,"BARCO DE VALDEORRAS, O",42.39230700,-6.99048800,2012-08-10,3015,4844,0,6,INCENDIO REPRODUCIDO,616,36,35,0,2917693
2009160212,1718.2000,2338.63,0,0,11,CASTILLA-MANCHA,16,CUENCA,SERRANIA ALTA,POYATOS,40.40927800,-2.02496900,2009-07-21,3220,17515,1,4,Provocados por venganzas,406,25,42,0,0
2010320988,1715.0000,2336.45,0,0,3,GALICIA,32,OURENSE,VERIN-VIANA,LAZA,42.17466700,-7.42050900,2010-08-29,5340,10320,1,4,Provocados por campesinos para eliminar matorral y residuos agrícolas,349,16,49,0,33486
2003460166,1707.0000,2330.99,0,0,9,C. VALENCIANA,46,VALENCIA,LA FOIA DE BUNYOL,BUÑOL,39.47449500,-0.84284900,2003-08-28,2730,7065,1,4,Sin datos,60,8,11,0,44355
2006361702,1702.9400,2328.22,0,0,3,GALICIA,36,PONTEVEDRA,CALDAS-O SALNES,PONTE CALDELAS,42.41996100,-8.54267000,2006-08-08,6750,7410,1,4,Provocados por pirómanos,53,5,9,3585,7525807
2005323296,1675.0000,2309.04,0,0,3,GALICIA,32,OURENSE,VERIN-VIANA,LAZA,42.43745600,-8.26910200,2005-08-24,3310,4615,1,4,Sin datos,172,19,17,0,0
2006450196,1664.7000,2301.93,0,0,11,CASTILLA-MANCHA,45,TOLEDO,INDETERMINADA,OTRA PROVINCIA,39.62810800,-5.23642100,2006-08-12,1672,2010,1,4,Provocados por venganzas,265,29,13,107837,741264
2013490131,1643.4000,2287.16,0,0,17,CASTILLA Y LEON,49,ZAMORA,BERMILLO DE SAYAGO,VILLARDIEGUA DE LA RIBERA,41.52446700,-6.23436500,2013-08-22,3265,5500,0,2,QUEMA DE BASURA,469,20,13,0,0
2001130110,1640.0000,2284.79,0,0,11,CASTILLA-MANCHA,13,CIUDAD REAL,CAMPO DE CALATRAVA,ARGAMASILLA DE CALATRAVA,38.74332800,-4.02222300,2001-08-15,860,1160,0,2,OTRAS NEGLIGENCIAS (SIN ESPECIFICAR),118,15,3,0,753668
2006361589,1601.5000,2257.81,0,0,3,GALICIA,36,PONTEVEDRA,VIGO-BAIXO MIÑO,PAZOS DE BORBÉN,42.30664900,-8.55240800,2006-08-06,5825,5835,1,4,Otras motivaciones,170,10,9,95998,7595589
2006331107,1600.0000,2256.75,0,0,5,ASTURIAS,33,ASTURIAS,EO-NAVIA,VALDÉS,43.47255200,-6.51999100,2006-05-21,1657,11863,0,3,LÍNEAS ELÉCTRICAS,154,18,4,0,2174367
2001170058,1596.0000,2253.93,0,0,2,CATALUÑA,17,GIRONA,ALT EMPORDA,CADAQUÉS,42.29893900,3.25719100,2001-06-18,1975,3475,0,2,FUMADORES,145,50,7,0,0
2013490149,1592.4700,2251.44,0,0,17,CASTILLA Y LEON,49,ZAMORA,PUEBLA DE SANABRIA,HERMISENDE,41.98652800,-6.95854300,2013-09-04,3890,13270,1,4,Provocados por pastores y ganaderos para regenerar el pasto,145,10,10,0,0
2005362821,1573.0000,2237.63,0,0,3,GALICIA,36,PONTEVEDRA,VIGO-BAIXO MIÑO,FORNELOS DE MONTES,42.33325700,-8.47277500,2005-08-19,1690,1720,0,5,CAUSA DESCONOCIDA,89,9,2,65240,3016913
2006361563,1558.0900,2227.00,0,0,3,GALICIA,36,PONTEVEDRA,CALDAS-O SALNES,PONTEVEDRA,42.37337700,-8.59149400,2006-08-06,5785,6205,1,4,Provocados por campesinos para eliminar matorral y residuos agrícolas,135,4,4,44415,7595415
2005323023,1550.6000,2221.64,0,0,3,GALICIA,32,OURENSE,VERIN-VIANA,CUALEDRO,42.35799300,-7.36536300,2005-08-19,3665,3965,1,4,Vandalismo,68,8,11,0,0
2005323029,1550.0000,2221.21,0,0,3,GALICIA,32,OURENSE,VERIN-VIANA,VERÍN,42.35799300,-7.36536300,2005-08-19,1500,1560,1,4,Vandalismo,34,7,2,0,0
2006362027,1544.9000,2217.55,0,0,3,GALICIA,36,PONTEVEDRA,CALDAS-O SALNES,CAMPO LAMEIRO,42.52896400,-8.47843800,2006-08-06,960,2100,0,6,INCENDIO REPRODUCIDO,31,6,1,10500,6494747
2003250105,1539.9900,2214.03,1,3,2,CATALUÑA,25,LLEIDA,EL SEGRIA,SERÒS,41.41717000,0.42440800,2003-08-12,1010,2470,0,3,LÍNEAS ELÉCTRICAS,257,55,10,0,0
2006361752,1513.0000,2194.54,0,0,3,GALICIA,36,PONTEVEDRA,VIGO-BAIXO MIÑO,BAIONA,42.07594700,-8.82169800,2006-08-09,2820,9540,1,4,Otras motivaciones,111,16,7,81696,3168979
2012280349,1488.0700,2176.39,0,0,16,MADRID,28,MADRID,ROBLEDO DE CHAVELA,ROBLEDO DE CHAVELA,40.50767200,-4.25271900,2012-08-27,5714,19194,1,4,Sin datos,263,29,19,0,0
2011322415,1486.1500,2174.98,0,0,3,GALICIA,32,OURENSE,VERIN-VIANA,VILARIÑO DE CONSO,42.14695400,-7.24033300,2011-10-17,4423,4864,1,4,Provocados por campesinos para eliminar matorral y residuos agrícolas,92,5,20,0,0
2003060363,1483.0000,2172.67,0,0,14,EXTREMADURA,6,BADAJOZ,TENTUDIA,JEREZ DE LOS CABALLEROS,38.22920200,-6.72220200,2003-08-01,1990,5980,0,1,RAYO,206,17,2,0,0
2006385002,1466.7000,2160.70,0,0,12,CANARIAS,38,S.C. TENERIFE,EL HIERRO,VALVERDE,27.70718000,-18.02382200,2006-09-10,4915,17635,0,2,FUMADORES,364,14,12,0,0
2001490406,1460.0000,2155.76,0,0,17,CASTILLA Y LEON,49,ZAMORA,EL PUENTE,PORTO,42.15981700,-6.84483500,2001-12-16,3000,3900,1,4,Provocados por cazadores para facilitar la caza,33,0,1,0,0
2001370085,1450.0000,2148.36,0,0,17,CASTILLA Y LEON,37,SALAMANCA,VITIGUDINO,BARRUECOPARDO,41.06989200,-6.66190200,2001-08-07,1680,3270,1,4,Sin datos,364,22,5,0,423419
2011460066,1449.3000,2147.85,0,0,9,C. VALENCIANA,46,VALENCIA,LA VALL D ALBAIDA,BENICOLET,38.93085200,-0.32144900,2011-04-08,4127,8507,1,4,Provocados por cazadores para facilitar la caza,3979,72,27,0,787515
2011070065,1443.1900,2143.31,0,0,15,ILLES BALEARS,7,ILLES BALEARS,IBIZA,SANT JOAN DE LABRITJA,39.04008600,1.51439000,2011-05-25,7439,13319,0,2,OTRAS NEGLIGENCIAS (ACTIVIDADES APÍCOLAS),688,31,22,0,0
2009250089,1443.0000,2143.17,0,0,2,CATALUÑA,25,LLEIDA,L URGELL,AGRAMUNT,41.83789600,1.09147900,2009-07-17,1712,6755,0,3,LÍNEAS ELÉCTRICAS,315,50,10,0,0
2007440075,1436.1700,2138.09,1,0,10,ARAGON,44,TERUEL,CUENCAS MINERAS,TORRE DE LAS ARCAS,40.86434600,-0.74309500,2007-08-01,1670,3170,0,5,CAUSA DESCONOCIDA,204,20,8,181085,4927739
2006220104,1435.6100,2137.68,0,0,10,ARAGON,22,HUESCA,LA LITERA/LA LLITERA,PERALTA DE CALASANZ,42.00512200,0.37916400,2006-08-12,2946,4780,0,2,OTRAS NEGLIGENCIAS (ACTIVIDADES APÍCOLAS),266,70,12,0,20806492
2003130103,1431.7800,2134.82,0,0,11,CASTILLA-MANCHA,13,CIUDAD REAL,MONTES SUR,SACERUELA,38.96352500,-4.60247300,2003-08-02,1705,2965,1,4,Sin datos,84,16,4,66000,1737425
2006321210,1428.0000,2132.00,0,0,3,GALICIA,32,OURENSE,VERIN-VIANA,"GUDIÑA, A",42.03576600,-7.18097000,2006-08-12,1670,3866,1,4,Provocados por pirómanos,71,16,7,0,4459322
2002490316,1418.2300,2124.70,0,0,17,CASTILLA Y LEON,49,ZAMORA,ALCAÑICES,PORTUGAL,41.82222900,-6.54394300,2002-08-16,1080,3780,1,4,Sin datos,153,21,22,0,1010768
2006100036,1407.3900,2116.56,0,0,14,EXTREMADURA,10,CACERES,CACERES-CENTRO,CAÑAVERAL,39.80004000,-6.38269500,2006-07-12,103,1205,0,3,MOTORES Y MÁQUINAS (SIN ESPECIFICAR),175,48,14,0,0
2013100215,1378.1300,2094.45,0,0,14,EXTREMADURA,10,CACERES,CACERES-CENTRO,TRUJILLO,39.43742400,-5.82351800,2013-07-26,455,1895,0,2,FUMADORES,199,17,9,0,0
2005130129,1373.0000,2090.54,0,0,11,CASTILLA-MANCHA,13,CIUDAD REAL,PASTOS,PUERTOLLANO,38.68383200,-4.07868800,2005-07-16,1426,4696,1,4,Provocados por pirómanos,103,18,6,174901,2033002
2006151817,1360.0000,2080.62,0,0,3,GALICIA,15,A CORUÑA,FISTERRA,MAZARICOS,42.94312400,-9.05025500,2006-08-08,3255,3585,1,4,Otras motivaciones,14,14,0,0,255612
2012300087,1342.1900,2066.95,0,0,8,MURCIA,30,MURCIA,INDETERMINADA,OTRA PROVINCIA,38.37113200,-1.74887000,2012-07-01,3045,7365,1,4,Provocados por venganzas,672,68,8,0,0
2012460157,1330.9400,2058.27,0,1,9,C. VALENCIANA,46,VALENCIA,LA SAFOR,LLOCNOU DE SANT JERONI,38.90335300,-0.29553700,2012-06-12,3320,10460,1,4,Sin datos,105,22,17,0,386931
2011322445,1285.4500,2022.79,0,0,3,GALICIA,32,OURENSE,VALDEORRAS-TRIVES,MANZANEDA,42.25009400,-7.23769800,2011-10-18,1928,5794,0,6,INCENDIO REPRODUCIDO,5,1,2,0,0
2009500169,1283.0700,2020.92,0,0,10,ARAGON,50,ZARAGOZA,ZARAGOZA,JAULÍN,41.43829000,-0.94517200,2009-07-29,2550,13430,0,2,FUMADORES,332,21,21,0,0
2004140025,1282.0000,2020.08,0,0,4,ANDALUCIA,14,CORDOBA,VALLE DEL GUADIATO,OBEJO,38.07564600,-4.75963200,2004-06-24,6630,6660,0,3,MANIOBRAS MILITARES,119,8,9,0,265672
2005370293,1280.3500,2018.78,0,0,17,CASTILLA Y LEON,37,SALAMANCA,LA ALBERCA,CILLEROS DE LA BASTIDA,40.52886800,-5.98566000,2005-06-18,361,7320,0,1,RAYO,430,22,9,0,2022571
2003080280,1263.7800,2005.67,0,0,2,CATALUÑA,8,BARCELONA,VALLS OCCIDENTAL,GALLIFA,41.68959200,2.10477500,2003-08-11,7570,25400,0,5,CAUSA DESCONOCIDA,296,34,9,0,0
2006130076,1252.0000,1996.30,0,0,11,CASTILLA-MANCHA,13,CIUDAD REAL,CAMPO DE CALATRAVA,CALZADA DE CALATRAVA,38.66809100,-3.82226100,2006-08-12,995,1895,1,4,Provocados contra el acotamiento de la caza,140,20,9,105823,266764
2013450327,1251.3000,1995.74,0,0,11,CASTILLA-MANCHA,45,TOLEDO,SAGRA-TOLEDO,ALMOROX,40.24897400,-4.43060000,2013-07-16,2251,10397,0,3,MOTORES Y MÁQUINAS (OTROS),608,47,38,0,0
2012050237,1242.4000,1988.63,0,0,17,CASTILLA Y LEON,5,AVILA,EL BARCO DE AVILA,SOLANA DE ÁVILA,40.35034800,-5.60657900,2012-08-18,2810,18555,1,4,Provocados por venganzas,153,19,14,0,0
2005080231,1216.7000,1967.96,0,4,2,CATALUÑA,8,BARCELONA,BAGES,CARDONA,41.89624800,1.71995800,2005-07-08,1715,3230,0,2,FUMADORES,1401,125,26,0,0
2005152066,1200.0000,1954.41,0,0,3,GALICIA,15,A CORUÑA,FISTERRA,CARNOTA,42.88979300,-9.12390100,2005-08-21,4915,5685,1,4,Otras motivaciones,280,22,19,0,0
2003100793,1200.0000,1954.41,0,0,14,EXTREMADURA,10,CACERES,SIERRA DE SAN PEDRO,OTRA PROVINCIA,39.39376900,-7.14015900,2003-08-01,870,990,0,1,RAYO,120,7,8,0,2285
2005490628,1167.8000,1928.01,0,10,17,CASTILLA Y LEON,49,ZAMORA,ALCAÑICES,TRABAZOS,41.77401300,-6.50769400,2005-07-16,3150,5850,0,3,MOTORES Y MÁQUINAS (SIN ESPECIFICAR),148,20,13,60444,0
2005324118,1160.0000,1921.56,0,0,3,GALICIA,32,OURENSE,VALDEORRAS-TRIVES,MANZANEDA,42.44069000,-8.01427600,2005-10-06,4283,5123,1,4,Provocados por pastores y ganaderos para regenerar el pasto,124,6,6,0,0
2006151825,1160.0000,1921.56,0,0,3,GALICIA,15,A CORUÑA,BARBANZA,RIANXO,42.68762200,-8.75826400,2006-08-10,1870,2025,1,4,Otras motivaciones,144,9,4,0,4479833
2006361452,1155.6000,1917.91,0,0,3,GALICIA,36,PONTEVEDRA,CALDAS-O SALNES,VILABOA,42.33090800,-8.67754700,2006-08-04,10125,10560,0,6,INCENDIO REPRODUCIDO,125,12,11,149277,4667729
2006430101,1153.9100,1916.50,0,0,2,CATALUÑA,43,TARRAGONA,BAIX CAMP,VANDELLÒS I L' HOSPITALET,40.98268000,0.84158000,2006-04-10,1581,2445,0,2,TRABAJOS FORESTALES,207,20,8,0,0
2009440085,1142.7800,1907.24,0,1,10,ARAGON,44,TERUEL,ANDORRA-SIERRA DE ARCOS,ALLOZA,40.93598400,-0.55042800,2009-07-22,6170,11820,0,1,RAYO,219,21,20,153044,10402460
2004270760,1139.0000,1904.08,0,0,3,GALICIA,27,LUGO,TERRA DE LEMOS,"SAVIÑAO, O",42.61032900,-7.59550300,2004-07-31,4050,4245,1,4,Sin datos,277,19,13,15890,2111184
2006050124,1130.2100,1896.72,0,0,17,CASTILLA Y LEON,5,AVILA,AVILA,TORNADIZOS DE AVILA,40.60596100,-4.60854100,2006-09-03,490,3290,1,4,Provocados por pastores y ganaderos para regenerar el pasto,122,13,11,0,0
2012190469,1125.5500,1892.81,0,1,11,CASTILLA-MANCHA,19,GUADALAJARA,MOLINA DE ARAGON,CHEQUILLA,40.60743400,-1.82810100,2012-08-01,4729,9148,0,2,OTRAS NEGLIGENCIAS (SIN ESPECIFICAR),403,39,30,0,0
2012490002,1115.0000,1883.92,0,0,17,CASTILLA Y LEON,49,ZAMORA,EL PUENTE,PÍAS,42.11776100,-6.93046700,2012-01-08,4461,4851,1,4,Provocados por campesinos para eliminar matorral y residuos agrícolas,8,3,2,0,0
2011322307,1097.3200,1868.92,0,0,3,GALICIA,32,OURENSE,VERIN-VIANA,MONTERREI,41.88548700,-7.53475400,2011-10-15,3636,3709,1,4,Provocados por campesinos para eliminar matorral y residuos agrícolas,58,5,8,0,1159
2013050059,1095.0100,1866.95,0,0,17,CASTILLA Y LEON,5,AVILA,EL HOYO DE PINARES,CEBREROS,40.43295000,-4.38566000,2013-08-03,1658,6649,0,3,LÍNEAS ELÉCTRICAS,523,31,20,0,0
2009040044,1086.7400,1859.89,0,0,4,ANDALUCIA,4,ALMERIA,ALMERÍA,NÍJAR,36.98204000,-2.17634000,2009-06-28,1450,2925,1,4,Otras motivaciones,278,11,10,0,0
2004490374,1080.0000,1854.11,0,0,17,CASTILLA Y LEON,49,ZAMORA,ALCAÑICES,FONFRIA,41.62739600,-6.18686000,2004-07-17,495,9825,0,6,INCENDIO REPRODUCIDO,104,12,13,0,271276
2010240126,1077.6600,1852.10,0,0,17,CASTILLA Y LEON,24,LEON,VILLAFRANCA,BARJAS,42.59302500,-6.94721500,2010-08-08,10264,13215,1,4,Provocados por campesinos para eliminar matorral y residuos agrícolas,127,7,10,0,0
2005370407,1050.0000,1828.18,0,0,17,CASTILLA Y LEON,37,SALAMANCA,ROBLEDA,SERRADILLA DEL LLANO,40.46013800,-6.36268500,2005-08-31,1030,2465,1,4,Sin datos,157,24,15,0,612549
2009440086,1047.6400,1826.12,1,0,10,ARAGON,44,TERUEL,COMUNIDAD DE TERUEL,CORBALÁN,40.44152100,-0.95741700,2009-07-22,7555,13245,0,1,RAYO,111,13,6,120943,7851622
2007120015,1044.8300,1823.67,0,0,9,C. VALENCIANA,12,CASTELLON,L ALT PALANCIA,GAIBIEL,39.92902600,-0.49928700,2007-03-07,2265,8433,0,1,RAYO,88,19,6,0,0
2004410016,1043.1000,1822.16,0,0,4,ANDALUCIA,41,SEVILLA,SIERRA NORTE,OTRA PROVINCIA,37.51362300,-6.38681600,2004-06-30,0,2807,1,4,Provocados por venganzas,246,17,16,0,1291372
2012370236,1034.5100,1814.64,0,0,17,CASTILLA Y LEON,37,SALAMANCA,BEJAR,VALDEHIJADEROS,40.43159500,-5.84597300,2012-08-11,1320,2050,0,3,MOTORES Y MÁQUINAS (MAQUINARIA FIJA),85,9,9,0,0
2005490366,1020.0000,1801.87,0,0,17,CASTILLA Y LEON,49,ZAMORA,PUEBLA DE SANABRIA,PEDRALBA DE LA PRADERIA,41.97677600,-6.71645400,2005-03-13,1095,1725,1,4,Provocados por campesinos para eliminar matorral y residuos agrícolas,58,5,6,8893,0
2006050125,1016.7700,1799.02,0,0,17,CASTILLA Y LEON,5,AVILA,AVILA,AVILA,40.67369100,-4.49348500,2006-09-03,370,9010,1,4,Provocados por venganzas,125,10,13,0,0
2006151566,1015.0000,1797.45,0,0,3,GALICIA,15,A CORUÑA,BARBANZA,PORTO DO SON,42.65082700,-9.00999200,2006-08-06,5430,5550,1,4,Provocados por campesinos para eliminar matorral y residuos agrícolas,42,7,4,0,2237543
2007210102,1009.8700,1792.90,0,2,4,ANDALUCIA,21,HUELVA,EL CONDADO,NIEBLA,37.49309900,-6.68303200,2007-07-29,1955,3425,0,2,OTRAS NEGLIGENCIAS (OTRAS),274,30,17,0,0
2005323138,1007.0000,1790.35,0,1,3,GALICIA,32,OURENSE,O RIBEIRO-ARENTEIRO,AVIÓN,42.27110000,-7.52721200,2005-08-21,2676,5721,1,4,Provocados por pastores y ganaderos para regenerar el pasto,139,14,11,0,0
2006151824,1000.0000,1784.12,0,0,3,GALICIA,15,A CORUÑA,BERGANTIÑOS-MARIÑAS COR,"LARACHA, A",43.23987700,-8.49522500,2006-08-09,3398,3523,1,4,Sin datos,94,13,1,0,1685245
2006151694,1000.0000,1784.12,0,0,3,GALICIA,15,A CORUÑA,BARBANZA,PADRÓN,42.76074300,-8.62632000,2006-08-08,NULL,NULL,0,5,CAUSA DESCONOCIDA,61,9,5,0,2648229
2003100797,992.0000,1776.97,0,0,14,EXTREMADURA,10,CACERES,AMBROZ-JERTE Y TIETAR,TORNAVACAS,40.24240700,-5.68069400,2003-09-12,0,7754,1,4,Provocados por pastores y ganaderos para regenerar el pasto,252,16,18,0,21658
2010240181,990.0000,1775.18,0,0,17,CASTILLA Y LEON,24,LEON,TRUCHAS,BENUZA,42.30988000,-6.69281600,2010-08-24,1909,6070,1,4,Sin datos,216,7,8,0,0
2010370111,982.5300,1768.47,0,2,17,CASTILLA Y LEON,37,SALAMANCA,VITIGUDINO,VILLARINO DE LOS AIRES,41.26875100,-6.45321700,2010-07-30,4905,9165,1,4,Vandalismo,139,18,12,0,0
2011322342,979.8300,1766.03,0,0,3,GALICIA,32,OURENSE,VERIN-VIANA,VIANA DO BOLO,42.12589300,-7.03745200,2011-10-15,3953,5738,1,4,Otras motivaciones,53,6,6,0,711136
2011322366,978.6200,1764.94,0,0,3,GALICIA,32,OURENSE,MIÑO-ARNOIA,MACEDA,42.22898800,-7.53706200,2011-10-16,2805,5458,0,5,CAUSA DESCONOCIDA,96,18,4,0,590295
2002280240,974.6500,1761.36,0,1,16,MADRID,28,MADRID,TORRELAGUNA,"BERRUECO, EL",40.88365000,-3.55601600,2002-08-09,741,1696,0,5,CAUSA DESCONOCIDA,215,32,16,0,0
2006170122,971.6600,1758.66,0,0,2,CATALUÑA,17,GIRONA,ALT EMPORDA,VENTALLÓ,42.14422400,3.03387400,2006-08-04,1184,5481,1,4,Sin datos,584,99,28,0,0
2009030005,960.0000,1748.07,0,0,9,C. VALENCIANA,3,ALICANTE,LA MARINA BAIXA,"NUCIA, LA",38.59269600,-0.14917400,2009-01-24,1945,2080,0,3,LÍNEAS ELÉCTRICAS,561,43,11,0,7444170
2003090108,959.7600,1747.85,0,0,17,CASTILLA Y LEON,9,BURGOS,SEDANO,ALTOS LOS,42.74682800,-3.53147300,2003-08-05,3768,7368,0,1,RAYO,447,38,13,0,1929986
2008400044,956.2500,1744.65,0,1,17,CASTILLA Y LEON,40,SEGOVIA,BOCEGUILLAS,PRADALES,41.46827100,-3.69976500,2008-08-06,1365,3255,0,2,TRABAJOS FORESTALES,623,63,18,0,0
2005490699,956.0000,1744.43,0,0,17,CASTILLA Y LEON,49,ZAMORA,EL PUENTE,S JUSTO,42.17464300,-6.64188000,2005-08-20,5445,6890,1,4,Sin datos,74,0,10,30446,0
2001370125,950.0000,1738.94,0,1,17,CASTILLA Y LEON,37,SALAMANCA,GUIJUELO,TEJADO EL,40.44941600,-5.53648800,2001-08-23,425,3205,1,4,Sin datos,270,1,9,0,0
2006151867,950.0000,1738.94,0,0,3,GALICIA,15,A CORUÑA,FISTERRA,VIMIANZO,43.11329300,-9.09218500,2006-08-10,3195,3225,1,4,Sin datos,76,10,5,0,3757141
2009490542,935.0000,1725.16,0,0,17,CASTILLA Y LEON,49,ZAMORA,ALCAÑICES,MAHIDE,41.83498900,-6.30388500,2009-08-23,393,423,1,4,Provocados por campesinos para eliminar matorral y residuos agrícolas,333,28,18,0,0
2009020293,934.7200,1724.90,0,0,11,CASTILLA-MANCHA,2,ALBACETE,CENTRO,HIGUERUELA,39.01656900,-1.49619400,2009-07-15,2765,5970,0,3,MANIOBRAS MILITARES,211,16,13,0,0
2006151686,929.0000,1719.62,0,0,3,GALICIA,15,A CORUÑA,SANTIAGO-MESETA INTERIOR,VAL DO DUBRA,42.96773100,-8.64346300,2006-08-05,2630,2900,1,4,Provocados por pirómanos,90,15,5,0,4367739
2005240545,921.0000,1712.20,0,0,17,CASTILLA Y LEON,24,LEON,LA BAÑEZA,CASTROCONTRIGO,42.21174400,-6.18868000,2005-06-24,488,3180,0,1,RAYO,182,24,5,0,0
2013190179,919.0000,1710.34,0,0,11,CASTILLA-MANCHA,19,GUADALAJARA,SIERRA,TORTUERO,40.90959100,-3.35046600,2013-07-31,2231,5006,0,3,MOTORES Y MÁQUINAS (COSECHADORAS),458,52,43,0,0
2012240228,905.0000,1697.26,0,0,17,CASTILLA Y LEON,24,LEON,TRUCHAS,TRUCHAS,42.32632200,-6.41876900,2012-03-09,4104,4475,1,4,Sin datos,96,5,10,0,0
2011331489,901.0000,1693.50,0,0,5,ASTURIAS,33,ASTURIAS,NARCEA,CANGAS DEL NARCEA,43.08857700,-6.66256700,2011-10-17,3388,3568,1,4,Provocados por pastores y ganaderos para regenerar el pasto,81,0,3,0,158037
2013320589,883.0000,1676.50,0,0,3,GALICIA,32,OURENSE,VERIN-VIANA,CUALEDRO,41.97146200,-7.60039500,2013-08-24,1875,4810,1,4,Sin datos,400,46,20,0,908978
2003090095,882.4900,1676.02,0,12,17,CASTILLA Y LEON,9,BURGOS,MEDINA DE POMAR,MERINDAD DE CUESTA-URRIA,42.86525200,-3.40246700,2003-08-03,9741,11518,0,1,RAYO,698,41,27,0,1344899
2012240577,882.0000,1675.55,0,0,17,CASTILLA Y LEON,24,LEON,CANALES-LA MAGDALENA,RIELLO,42.87280200,-6.01931400,2012-09-01,2929,5959,1,4,Provocados por pastores y ganaderos para regenerar el pasto,96,6,10,0,0
2005130147,876.0000,1669.84,0,0,11,CASTILLA-MANCHA,13,CIUDAD REAL,CAMPO DE CALATRAVA,ARGAMASILLA DE CALATRAVA,38.76082600,-3.98041700,2005-08-10,511,1576,1,4,Sin datos,158,16,6,0,15768
2003280097,874.6700,1668.58,0,0,16,MADRID,28,MADRID,SAN MARTIN DE VALDEIGLESIAS,NAVAS DEL REY,40.38461100,-4.26933300,2003-06-26,1033,5261,0,2,HOGUERAS,278,32,9,0,511018
2004210078,874.0400,1667.97,0,0,4,ANDALUCIA,21,HUELVA,EL CONDADO,ESCACENA DEL CAMPO,37.51362300,-6.38681600,2004-06-30,2442,2442,1,4,Provocados por venganzas,231,15,13,0,0
2003030105,874.0000,1667.94,0,0,9,C. VALENCIANA,3,ALICANTE,LA MARINA ALTA,LLÍBER,38.68179400,-0.01334600,2003-08-30,1898,3959,1,4,Sin datos,232,38,23,0,29062
2009420047,858.7200,1653.29,0,0,17,CASTILLA Y LEON,42,SORIA,ALMAZAN,OTRA PROVINCIA,41.05280200,-2.43006800,2009-07-22,1190,3190,0,3,MOTORES Y MÁQUINAS (COSECHADORAS),163,17,8,83161,0
2006361669,856.3300,1650.99,0,0,3,GALICIA,36,PONTEVEDRA,CALDAS-O SALNES,PONTEVEDRA,42.50951700,-8.63901800,2006-08-08,1255,1375,1,4,Provocados por pirómanos,31,3,3,40626,3409778
2005080298,849.8000,1644.68,0,3,2,CATALUÑA,8,BARCELONA,BAGES,CASTELLNOU DE BAGES,41.84118100,1.83407000,2005-07-18,1831,6013,1,4,Vandalismo,795,152,19,0,0
2009430125,847.9000,1642.84,5,1,2,CATALUÑA,43,TARRAGONA,TERRA ALTA,HORTA DE SANT JOAN,40.92540500,0.34094600,2009-07-20,5156,20141,0,2,HOGUERAS,1293,99,21,0,0
2006361611,839.3100,1634.50,0,0,3,GALICIA,36,PONTEVEDRA,CALDAS-O SALNES,BARRO,42.53160800,-8.65940900,2006-08-07,820,0,1,4,Provocados por pirómanos,49,4,1,26975,3286508
2013490107,837.5600,1632.80,0,0,17,CASTILLA Y LEON,49,ZAMORA,ALCAÑICES,PORTUGAL,41.66376300,-6.30622000,2013-08-01,2385,5515,0,3,MOTORES Y MÁQUINAS (COSECHADORAS),449,26,20,0,0
2012190494,836.8000,1632.05,0,1,11,CASTILLA-MANCHA,19,GUADALAJARA,CAMPIÑA,"CUBILLO DE UCEDA, EL",40.79387100,-3.45327900,2012-08-11,1615,2862,0,5,CAUSA DESCONOCIDA,192,21,18,0,0
2001230084,836.0000,1631.27,0,4,4,ANDALUCIA,23,JAEN,SIERRA DE CAZORLA,"IRUELA, LA",37.93675300,-2.92944300,2001-07-31,1710,4605,1,4,Provocados por pirómanos,694,34,18,186777,3188199
2006361914,834.3000,1629.61,0,0,3,GALICIA,36,PONTEVEDRA,CALDAS-O SALNES,"LAMA, A",42.40175700,-8.33278900,2006-08-12,1515,4275,0,5,CAUSA DESCONOCIDA,23,7,2,10773,9113
2009120076,832.3100,1627.67,0,0,9,C. VALENCIANA,12,CASTELLON,L ALT PALANCIA,SEGORBE,39.81355500,-0.45334300,2009-07-23,4094,48284,0,1,RAYO,769,67,40,0,0
2011322401,828.9300,1624.36,0,0,3,GALICIA,32,OURENSE,VALDEORRAS-TRIVES,MANZANEDA,42.27287300,-7.25377300,2011-10-17,2984,4845,1,4,Provocados por campesinos para eliminar matorral y residuos agrícolas,46,3,6,0,0
2011322417,821.7000,1617.26,0,0,3,GALICIA,32,OURENSE,VERIN-VIANA,LAZA,42.12474500,-7.40800700,2011-10-17,3005,4085,1,4,Provocados por campesinos para eliminar matorral y residuos agrícolas,78,2,6,0,0
2005450163,820.0000,1615.59,0,0,11,CASTILLA-MANCHA,45,TOLEDO,LA JARA,SEVILLEJA DE LA JARA,39.45336700,-4.96883400,2005-06-21,965,3225,0,3,MOTORES Y MÁQUINAS (OTROS),140,23,5,0,1189190
2002130201,820.0000,1615.59,0,0,11,CASTILLA-MANCHA,13,CIUDAD REAL,MONTES NORTE,ANCHURAS,39.45863100,-4.84056500,2002-08-01,850,1930,0,5,CAUSA DESCONOCIDA,174,25,15,0,453560
2002130087,816.3200,1611.96,0,0,11,CASTILLA-MANCHA,13,CIUDAD REAL,CAMPO DE CALATRAVA,CALZADA DE CALATRAVA,38.61619500,-3.75917000,2002-07-09,1162,1882,0,2,OTRAS NEGLIGENCIAS (SIN ESPECIFICAR),151,21,6,0,0
2009500153,813.0000,1608.68,0,0,10,ARAGON,50,ZARAGOZA,BAJO CINCA/BAIX CINCA,MEQUINENZA,41.28151100,0.22531200,2009-07-18,3259,4759,0,5,CAUSA DESCONOCIDA,300,44,21,0,736890
2012150310,804.9400,1600.68,0,1,3,GALICIA,15,A CORUÑA,FERROL,"CAPELA, A",43.41694400,-8.00830400,2012-03-31,3164,5774,0,2,FUMADORES,655,101,19,0,6261567
2003100796,800.0000,1595.76,0,0,14,EXTREMADURA,10,CACERES,AMBROZ-JERTE Y TIETAR,JERTE,40.26180300,-5.77115000,2003-08-12,0,13377,0,1,RAYO,134,6,17,0,161578
2006361723,800.0000,1595.76,0,0,3,GALICIA,36,PONTEVEDRA,VIGO-BAIXO MIÑO,OIA,42.04818500,-8.84345400,2006-08-09,3540,10260,0,5,CAUSA DESCONOCIDA,215,15,12,200328,2950902
2006240473,800.0000,1595.76,0,0,17,CASTILLA Y LEON,24,LEON,TRUCHAS,TRUCHAS,42.26897900,-6.41487700,2006-09-09,1540,3220,0,1,RAYO,36,2,0,0,0
2012290004,797.6500,1593.42,0,0,4,ANDALUCIA,29,MALAGA,SERRANIA DE RONDA,PUJERRA,36.59020700,-5.13700800,2012-02-04,3285,4815,0,2,QUEMA DE MATORRAL (SIN ESPECIFICAR),328,22,9,0,0
2010500051,794.1300,1589.90,0,1,10,ARAGON,50,ZARAGOZA,CINCO VILLAS,SOS DEL REY CATÓLICO,42.45933600,-1.22567500,2010-03-17,1275,2615,1,4,Provocados por pastores y ganaderos para regenerar el pasto,338,22,8,0,1020480
2001050100,790.0000,1585.76,0,0,17,CASTILLA Y LEON,5,AVILA,EL HOYO DE PINARES,HERRADON DE PINARES,40.58871600,-4.53872900,2001-08-23,1540,2995,0,2,FUMADORES,141,9,7,0,0
2005240733,785.9900,1581.73,0,0,17,CASTILLA Y LEON,24,LEON,PONFERRADA,PONFERRADA,42.49903600,-6.56292500,2005-08-20,0,397,0,5,CAUSA DESCONOCIDA,112,22,12,0,0
2006321029,783.0000,1578.72,0,0,3,GALICIA,32,OURENSE,O RIBEIRO-ARENTEIRO,RIBADAVIA,42.26166200,-8.17416500,2006-08-07,4620,8940,1,4,Sin datos,154,19,5,0,8389670
2004490433,779.8500,1575.54,0,0,17,CASTILLA Y LEON,49,ZAMORA,MOMBUEY,ESPADAÑEDO,42.13459200,-6.38850100,2004-08-07,1135,1645,1,4,Sin datos,100,10,7,0,241819
2009230063,775.6000,1571.24,0,0,4,ANDALUCIA,23,JAEN,SIERRA MAGINA,JÓDAR,37.78318500,-3.32468200,2009-07-11,1810,4360,0,2,OTRAS NEGLIGENCIAS (SIN ESPECIFICAR),363,26,21,0,0
2002450153,775.0000,1570.63,0,0,11,CASTILLA-MANCHA,45,TOLEDO,SAGRA-TOLEDO,OTRA PROVINCIA,40.28462200,-4.42546900,2002-07-30,590,2210,0,2,ESCAPE DE VERTEDERO,129,21,6,0,45335
2011322310,770.0000,1565.56,0,0,3,GALICIA,32,OURENSE,VALDEORRAS-TRIVES,MONTEDERRAMO,42.33743100,-7.58673500,2011-10-15,6185,10060,1,4,Vandalismo,271,29,21,0,71671
2011390363,768.6000,1564.13,0,0,6,CANTABRIA,39,CANTABRIA,COMARCA 10,ARREDONDO,43.26925500,-3.63252000,2011-03-24,0,4695,1,4,Provocados por pastores y ganaderos para regenerar el pasto,0,0,0,0,165392
2006100366,765.1100,1560.58,0,0,14,EXTREMADURA,10,CACERES,IBORES-VILLUERCAS,CARRASCALEJO,39.62810800,-5.23642100,2006-08-12,1630,4725,1,4,Sin datos,250,29,16,0,0
2005080308,760.8800,1556.26,0,0,2,CATALUÑA,8,BARCELONA,BAGES,TALAMANCA,41.71266400,1.94803100,2005-06-19,1886,3296,0,2,OTRAS NEGLIGENCIAS (ACTIVIDADES APÍCOLAS),483,50,15,0,0
2004100728,760.7000,1556.07,0,0,14,EXTREMADURA,10,CACERES,SIERRA DE GATA,ACEITUNA,40.12896900,-6.33757100,2004-09-25,840,2700,1,4,Sin datos,207,19,14,0,1906755
2003271450,760.0000,1555.36,0,0,3,GALICIA,27,LUGO,LUGO-SARRIA,"INCIO, O",42.64952300,-7.30177900,2003-09-20,1265,2045,1,4,Sin datos,77,10,6,5067,295202
2004270761,756.2000,1551.47,0,0,3,GALICIA,27,LUGO,TERRA DE LEMOS,RIBAS DE SIL,42.40773000,-7.24470200,2004-07-31,2460,2600,1,4,Sin datos,92,10,6,0,702691
2012386016,752.0000,1547.15,0,3,12,CANARIAS,38,S.C. TENERIFE,LA PALMA,"PASO, EL",28.64365700,-17.85334300,2012-07-16,2890,76330,0,2,HOGUERAS,445,29,2,278903,0
2002330649,750.0000,1545.09,0,0,5,ASTURIAS,33,ASTURIAS,NARCEA,CANGAS DEL NARCEA,43.10511800,-6.55073300,2002-02-02,0,1440,0,5,CAUSA DESCONOCIDA,25,2,0,0,630607
2003060313,745.7500,1540.71,0,0,14,EXTREMADURA,6,BADAJOZ,LA SERENA,BENQUERENCIA DE LA SERENA,38.68306800,-5.43231700,2003-08-03,950,1915,1,4,Sin datos,54,11,1,0,0
2003210122,739.0000,1533.72,0,0,4,ANDALUCIA,21,HUELVA,EL ANDEVALO,VALVERDE DEL CAMINO,37.56122600,-6.73934900,2003-08-01,2591,2865,1,4,Sin datos,144,16,11,28040,1239802
2011331456,727.2700,1521.50,0,0,5,ASTURIAS,33,ASTURIAS,NARCEA,CANGAS DEL NARCEA,43.12251400,-6.65286700,2011-10-16,3425,4358,0,6,INCENDIO REPRODUCIDO,40,3,1,0,103672
2009240696,726.0000,1520.17,0,2,17,CASTILLA Y LEON,24,LEON,CANALES-LA MAGDALENA,MURIAS DE PAREDES,42.75571400,-6.18354700,2009-09-10,6993,7950,1,4,Provocados por cazadores para facilitar la caza,123,9,17,0,0
2011322285,722.7400,1516.75,0,0,3,GALICIA,32,OURENSE,MIÑO-ARNOIA,MACEDA,42.22454600,-7.56179800,2011-10-14,5450,7247,1,4,Otras motivaciones,37,5,0,0,433391
2006152171,722.0000,1515.98,0,0,3,GALICIA,15,A CORUÑA,BARBANZA,NEGREIRA,42.92501300,-8.84070100,2006-08-13,2510,4440,1,4,Otras motivaciones,187,16,12,0,1480478
2007130077,721.0000,1514.93,0,0,11,CASTILLA-MANCHA,13,CIUDAD REAL,PASTOS,VILLANUEVA DE SAN CARLOS,38.58549700,-3.94420400,2007-08-19,342,1249,1,4,Provocados por venganzas,123,14,8,24508,54825
2002323404,720.0000,1513.87,0,0,3,GALICIA,32,OURENSE,O RIBEIRO-ARENTEIRO,CARBALLEDA DE AVIA,42.32131500,-8.22265700,2002-08-30,3330,3810,1,4,Sin datos,105,10,9,0,1270693
2003100733,715.0000,1508.61,0,0,14,EXTREMADURA,10,CACERES,HURDES,NUÑOMORAL,40.39870800,-6.30458200,2003-08-04,5675,6215,1,4,Venganzas por multas impuestas,87,6,13,0,790392
2006270549,710.0000,1503.32,0,0,3,GALICIA,27,LUGO,FONSAGRADA-OS ANCARES,NAVIA DE SUARNA,42.96929200,-6.97154300,2006-08-07,1897,7567,0,5,CAUSA DESCONOCIDA,73,17,7,0,2553372
2011050100,709.4500,1502.74,0,0,17,CASTILLA Y LEON,5,AVILA,NAVARREDONDA DE GREDOS,NAVALACRUZ,40.44331900,-4.93655700,2011-08-19,4283,8725,0,2,FUMADORES,340,19,14,0,0
2012030092,705.9200,1499.00,2,4,9,C. VALENCIANA,3,ALICANTE,L ALACANTI,"TORRE DE LES MAÇANES, LA",38.60908700,-0.40791700,2012-08-12,9067,11947,0,3,MOTORES Y MÁQUINAS (VEHÍCULOS LIGEROS Y PESADOS),1217,16,41,0,669776
2002330683,705.0000,1498.02,0,0,5,ASTURIAS,33,ASTURIAS,EO-NAVIA,GRANDAS DE SALIME,43.19769500,-6.90079700,2002-02-02,1230,1240,1,4,"Provocados para ahuyentar animales (lobos, jabalíes)",16,3,0,122,635223
2012460147,702.2900,1495.14,0,0,9,C. VALENCIANA,46,VALENCIA,ELS SERRANS,CHELVA,39.73487500,-1.06006200,2012-06-01,4693,13285,1,4,Otras motivaciones,1084,54,33,0,18912
2008320573,702.0000,1494.83,0,0,3,GALICIA,32,OURENSE,VERIN-VIANA,VIANA DO BOLO,42.21564900,-7.06361800,2008-02-17,1280,1815,1,4,Provocados por campesinos para eliminar matorral y residuos agrícolas,53,6,1,0,370755
2004280170,700.8200,1493.57,0,0,16,MADRID,28,MADRID,P. REGIONAL DEL SURESTE,PINTO,40.24927500,-3.68514800,2004-07-28,1004,3994,0,2,ESCAPE DE VERTEDERO,224,24,11,0,0
2012330859,698.5000,1491.10,0,0,5,ASTURIAS,33,ASTURIAS,NARCEA,CANGAS DEL NARCEA,43.09836800,-6.72567300,2012-03-26,7802,7987,1,4,Provocados por pastores y ganaderos para regenerar el pasto,156,3,11,0,0
2010321016,698.0600,1490.63,0,0,3,GALICIA,32,OURENSE,VALDEORRAS-TRIVES,CHANDREXA DE QUEIXA,42.21551500,-7.36440300,2010-08-30,3880,8250,1,4,Provocados por pastores y ganaderos para regenerar el pasto,271,15,21,0,0
2012330846,692.2300,1484.39,0,0,5,ASTURIAS,33,ASTURIAS,ORIENTE,PILOÑA,43.27575400,-5.31868500,2012-03-26,157,208,1,4,Provocados por pastores y ganaderos para regenerar el pasto,6,0,0,0,0
2005490403,692.0000,1484.15,0,0,17,CASTILLA Y LEON,49,ZAMORA,MOMBUEY,ESPADAÑEDO,42.12982700,-6.39517400,2005-03-17,780,1695,1,4,Sin datos,73,0,7,30244,0
2009270081,690.7500,1482.81,0,0,3,GALICIA,27,LUGO,LUGO-SARRIA,PALAS DE REI,42.93002500,-7.91330000,2009-03-21,1582,3021,1,4,Provocados por campesinos para eliminar matorral y residuos agrícolas,165,15,8,328,297997
2013320594,690.3000,1482.32,0,0,3,GALICIA,32,OURENSE,VERIN-VIANA,CUALEDRO,41.91250400,-7.62940500,2013-08-24,1803,4622,0,5,CAUSA DESCONOCIDA,296,9,11,0,132493
2013360732,689.6300,1481.60,0,0,3,GALICIA,36,PONTEVEDRA,CALDAS-O SALNES,PONTE CALDELAS,42.37012800,-8.48065300,2013-09-04,2508,3875,1,4,Provocados por pastores y ganaderos para regenerar el pasto,480,39,15,271312,1467350
2006361550,683.9000,1475.43,0,0,3,GALICIA,36,PONTEVEDRA,CALDAS-O SALNES,MEIS,42.47649000,-8.74940700,2006-08-06,3270,3750,1,4,Provocados por pirómanos,104,4,11,27709,2081496
2009240698,673.0000,1463.63,0,2,17,CASTILLA Y LEON,24,LEON,TRUCHAS,BENUZA,42.36264900,-6.69653900,2009-09-11,1066,1126,1,4,Sin datos,153,4,15,0,0
2005100460,670.5900,1461.01,0,0,14,EXTREMADURA,10,CACERES,SIERRA DE GATA,GATA,40.22782500,-6.59648400,2005-07-04,3231,6845,1,4,Sin datos,545,46,14,0,265562
2007370119,670.0000,1460.36,0,0,17,CASTILLA Y LEON,37,SALAMANCA,VITIGUDINO,PUERTAS,41.12943900,-6.27137300,2007-07-31,955,1695,0,3,MOTORES Y MÁQUINAS (SIN ESPECIFICAR),68,5,4,0,26800
2006361632,668.0000,1458.18,0,0,3,GALICIA,36,PONTEVEDRA,CALDAS-O SALNES,PONTE CALDELAS,42.40879400,-8.54275100,2006-08-07,565,655,1,4,Provocados por pastores y ganaderos para regenerar el pasto,65,3,0,29636,2527513
2005190216,663.7900,1453.58,0,1,11,CASTILLA-MANCHA,19,GUADALAJARA,CAMPIÑA,PASTRANA,40.42396600,-2.87901600,2005-08-17,1590,4544,0,1,RAYO,265,37,19,58539,2254734
2002323579,660.0000,1449.42,0,0,3,GALICIA,32,OURENSE,O RIBEIRO-ARENTEIRO,SAN CRISTOVO DE CEA,42.56578100,-7.98755300,2002-09-01,3000,3210,1,4,Provocados por campesinos para eliminar matorral y residuos agrícolas,35,0,8,0,394780
2011240403,654.0000,1442.82,0,0,17,CASTILLA Y LEON,24,LEON,TRUCHAS,ENCINEDO,42.26432700,-6.64984500,2011-09-09,1625,3209,1,4,Sin datos,119,6,9,0,0
2006361732,650.8200,1439.31,0,0,3,GALICIA,36,PONTEVEDRA,O CONDADO-A PARANDATA,CRECENTE,42.22211100,-8.19501300,2006-08-09,1200,2700,1,4,Provocados por pirómanos,33,4,5,29269,1143478
2012490462,650.4600,1438.91,0,0,17,CASTILLA Y LEON,49,ZAMORA,BENAVENTE,CUBO DE BENAVENTE,42.12264600,-6.15190300,2012-08-18,2351,4061,0,2,QUEMA AGRÍCOLA (QUEMA DE RASTROJOS),221,7,6,0,0
2005390039,650.3000,1438.73,0,0,6,CANTABRIA,39,CANTABRIA,COMARCA 5,"ROZAS DE VALDEARROYO, LAS",42.96947000,-4.02087100,2005-09-02,1370,7140,1,4,Animadversión contra repoblaciones forestales,146,6,9,0,1377931
2003060461,650.0000,1438.40,0,0,14,EXTREMADURA,6,BADAJOZ,BADAJOZ-CENTRO,FUENTE DEL MAESTRE,38.50205700,-6.38278600,2003-08-02,705,750,0,5,CAUSA DESCONOCIDA,20,3,2,0,0
2002330491,650.0000,1438.40,0,0,5,ASTURIAS,33,ASTURIAS,NARCEA,CANGAS DEL NARCEA,43.10511800,-6.55073300,2002-02-01,2212,2283,1,4,Provocados por pastores y ganaderos para regenerar el pasto,38,3,1,0,301760
2008490227,650.0000,1438.40,0,0,17,CASTILLA Y LEON,49,ZAMORA,EL PUENTE,PORTO,42.10196000,-6.94012600,2008-04-05,250,250,1,4,Provocados por campesinos para eliminar matorral y residuos agrícolas,29,0,2,0,0
2006050105,648.4200,1436.65,0,0,17,CASTILLA Y LEON,5,AVILA,SOTILLO DE LA ADRADA,ADRADA LA,40.27757400,-4.65950600,2006-08-14,360,3892,0,3,MOTORES Y MÁQUINAS (OTROS),682,47,18,0,0
2013150724,646.2000,1434.19,0,0,3,GALICIA,15,A CORUÑA,BARBANZA,NEGREIRA,42.88007000,-8.80157200,2013-09-11,4110,6212,1,4,Provocados por campesinos para eliminar matorral y residuos agrícolas,237,22,13,0,455960
2012100875,646.0300,1434.00,1,3,14,EXTREMADURA,10,CACERES,SIERRA DE GATA,GATA,40.23659000,-6.61258100,2012-08-03,11415,12735,1,4,Sin datos,206,1,14,0,0
2003170169,645.0500,1432.91,0,0,2,CATALUÑA,17,GIRONA,MARESME,OTRA PROVINCIA,41.69452100,2.71278400,2003-08-13,3186,3666,1,4,Sin datos,324,35,19,0,1887111
2005460285,641.9500,1429.47,0,0,9,C. VALENCIANA,46,VALENCIA,LA SAFOR,SIMAT LA VALLDIGNA,39.04232900,-0.34882700,2005-07-12,0,4483,1,4,Sin datos,228,16,14,0,34238
2003410105,640.0000,1427.29,0,2,4,ANDALUCIA,41,SEVILLA,SIERRA NORTE,"CASTILLO DE LAS GUARDAS, EL",37.70770500,-6.27176000,2003-07-31,1118,1268,0,3,LÍNEAS ELÉCTRICAS,198,10,11,0,8508
2004470009,638.8900,1426.06,0,0,17,CASTILLA Y LEON,47,VALLADOLID,MONTEMAYOR DE PILILLA,PORTILLO,41.48054300,-4.56752300,2004-06-18,324,2265,0,1,RAYO,64,15,0,18274,918597
2004270772,636.0000,1422.83,0,0,3,GALICIA,27,LUGO,TERRA DE LEMOS,QUIROGA,42.46278700,-7.18496600,2004-08-01,3340,4530,1,4,Sin datos,222,20,10,7622,103390
2010300139,633.0000,1419.47,0,0,8,MURCIA,30,MURCIA,NOROESTE,CALASPARRA,38.22383400,-1.62036400,2010-09-07,3637,12478,0,5,CAUSA DESCONOCIDA,669,55,15,0,0
2005050176,630.0000,1416.10,1,3,17,CASTILLA Y LEON,5,AVILA,SOTILLO DE LA ADRADA,CASAVIEJA,40.31156500,-4.87795000,2005-08-06,2765,4230,1,4,Otras motivaciones,876,89,23,0,498886
2009310541,626.0000,1411.60,0,1,13,NAVARRA,31,NAVARRA,ZONA 4,UNCITI,42.70697900,-1.45323500,2009-07-22,1260,3120,0,6,INCENDIO REPRODUCIDO,181,16,6,0,0
2007400034,625.4000,1410.92,0,0,17,CASTILLA Y LEON,40,SEGOVIA,SANTA MARIA LA REAL DE NIEVA,ESPIRDO,40.99429800,-4.05791900,2007-08-28,295,1425,0,3,LÍNEAS ELÉCTRICAS,388,24,8,0,0
2004460135,624.3800,1409.77,0,0,9,C. VALENCIANA,46,VALENCIA,EL CAMP DE TURIA,SERRA,39.68574700,-0.40477500,2004-08-12,2055,9525,1,4,Sin datos,736,47,15,0,271086
2012310584,620.4900,1405.37,0,0,13,NAVARRA,31,NAVARRA,ZONA 4,ARAS,42.56425500,-2.35246500,2012-08-21,1021,3991,0,2,OTRAS NEGLIGENCIAS (JUEGOS DE NIÑOS),102,28,7,0,0
2012100691,620.0000,1404.82,0,0,14,EXTREMADURA,10,CACERES,HURDES,CAMINOMORISCO,40.35301200,-6.23784600,2012-07-23,2861,29361,1,4,Sin datos,576,113,28,0,0
2007100238,616.2000,1400.50,0,0,14,EXTREMADURA,10,CACERES,CACERES-CENTRO,ALCÁNTARA,39.79548700,-6.84505500,2007-08-24,965,11915,0,3,MOTORES Y MÁQUINAS (OTROS),170,17,6,0,0
2005339117,613.0000,1396.86,0,0,5,ASTURIAS,33,ASTURIAS,NARCEA,CANGAS DEL NARCEA,43.10511800,-6.55073300,2005-10-26,1178,1213,0,5,CAUSA DESCONOCIDA,33,4,0,0,174470
2003490129,611.7900,1395.48,0,0,17,CASTILLA Y LEON,49,ZAMORA,BENAVENTE,SANTIBAÑEZ DE VIDRIALES,42.07318500,-5.98352900,2003-08-03,660,1785,0,5,CAUSA DESCONOCIDA,114,15,6,60685,500049
2002100566,610.9300,1394.50,0,0,14,EXTREMADURA,10,CACERES,AMBROZ-JERTE Y TIETAR,COLLADO,40.02977600,-5.68647800,2002-08-03,630,3360,1,4,Sin datos,42,9,11,0,0
2005323198,610.0000,1393.44,0,0,3,GALICIA,32,OURENSE,MIÑO-ARNOIA,SAN CIBRAO DAS VIÑAS,42.12635100,-7.94947700,2005-08-20,1440,1620,0,5,CAUSA DESCONOCIDA,34,3,0,0,0
2003020058,609.0000,1392.30,0,0,11,CASTILLA-MANCHA,2,ALBACETE,HELLIN,HELLÍN,38.40811700,-1.54513800,2003-07-11,1108,3208,0,2,OTRAS NEGLIGENCIAS (SIN ESPECIFICAR),208,28,9,122000,57163
2006151704,607.0000,1390.01,0,0,3,GALICIA,15,A CORUÑA,BARBANZA,NOIA,42.83317300,-8.82552000,2006-08-08,1140,1440,1,4,Otras motivaciones,37,5,1,0,1821516
2007100232,607.0000,1390.01,0,0,14,EXTREMADURA,10,CACERES,AMBROZ-JERTE Y TIETAR,JARAÍZ DE LA VERA,40.00861300,-5.73623000,2007-08-24,470,4820,1,4,Provocados por pastores y ganaderos para regenerar el pasto,134,10,13,0,0
2013460091,606.6800,1389.64,0,0,9,C. VALENCIANA,46,VALENCIA,LA VALL D AYORA,AYORA,38.98043700,-1.10415600,2013-07-25,2379,11499,0,3,MOTORES Y MÁQUINAS (COSECHADORAS),297,29,22,0,0
2012450617,606.6800,1389.64,0,0,11,CASTILLA-MANCHA,45,TOLEDO,TALAVERA,"REAL DE SAN VICENTE, EL",40.13998600,-4.71300200,2012-09-01,3600,7180,1,4,Sin datos,389,36,27,0,0
2009500171,606.6000,1389.55,0,0,10,ARAGON,50,ZARAGOZA,COMUNIDAD DE CALATAYUD,TERRER,41.29987400,-1.73787800,2009-08-01,1710,8985,0,3,MOTORES Y MÁQUINAS (OTROS),275,22,14,0,510373
2002100142,606.0000,1388.86,0,0,14,EXTREMADURA,10,CACERES,CACERES-CENTRO,ALCÁNTARA,39.64230300,-6.85948000,2002-06-21,220,300,0,5,CAUSA DESCONOCIDA,134,10,2,0,145459
2006290079,600.4000,1382.43,0,0,4,ANDALUCIA,29,MALAGA,SERRANIA DE RONDA,CORTES DE LA FRONTERA,36.57092600,-5.36243600,2006-07-22,1680,17120,0,3,FERROCARRIL,486,15,16,201634,340458
2009490238,600.0000,1381.97,0,0,17,CASTILLA Y LEON,49,ZAMORA,PUEBLA DE SANABRIA,HERMISENDE,42.02856400,-6.95999400,2009-03-23,250,950,1,4,Sin datos,42,3,5,0,0
2003490155,600.0000,1381.97,0,0,17,CASTILLA Y LEON,49,ZAMORA,EL PUENTE,PORTO,42.15981700,-6.84483500,2003-08-07,1290,9150,0,1,RAYO,10,0,2,608,0
2005323199,600.0000,1381.97,0,0,3,GALICIA,32,OURENSE,MIÑO-ARNOIA,"MERCA, A",42.12635100,-7.94947700,2005-08-20,2980,3325,0,5,CAUSA DESCONOCIDA,110,8,7,0,0
2002270644,600.0000,1381.97,0,0,3,GALICIA,27,LUGO,TERRA DE LEMOS,QUIROGA,42.42899300,-7.20460100,2002-08-07,956,1556,1,4,Sin datos,231,31,12,0,616407
2013240056,599.5000,1381.40,0,0,17,CASTILLA Y LEON,24,LEON,LEON,VALDEFRESNO,42.67465900,-5.48446400,2013-05-14,1367,1958,1,4,Sin datos,43,7,6,0,0
2005100682,598.0000,1379.67,0,0,14,EXTREMADURA,10,CACERES,IBORES-VILLUERCAS,ALÍA,39.44765800,-5.02375600,2005-08-25,656,3326,1,4,Provocados por venganzas,173,22,10,0,336
2005450242,597.3400,1378.90,0,0,11,CASTILLA-MANCHA,45,TOLEDO,LA JARA,SEVILLEJA DE LA JARA,39.53146200,-4.95440200,2005-08-04,1393,4455,0,2,OTRAS NEGLIGENCIAS (OTRAS),256,26,20,0,1323262
2005240628,595.0800,1376.29,0,0,17,CASTILLA Y LEON,24,LEON,BEMBIBRE,CASTROPODAME,42.57862200,-6.42561500,2005-07-21,1795,1853,1,4,Sin datos,96,9,6,0,0
2006361561,595.0000,1376.20,0,0,3,GALICIA,36,PONTEVEDRA,VIGO-BAIXO MIÑO,PAZOS DE BORBÉN,42.32212200,-8.52126700,2006-08-06,2045,3345,1,4,Otras motivaciones,94,10,6,41354,2424243
2003210176,594.5800,1375.72,0,1,4,ANDALUCIA,21,HUELVA,EL ANDEVALO,CALAÑAS,37.61282300,-6.85986500,2003-08-12,1135,1675,0,2,FUMADORES,253,14,17,36958,934641
2004322253,592.0000,1372.73,0,0,3,GALICIA,32,OURENSE,VALDEORRAS-TRIVES,CARBALLEDA DE VALDEORRAS,42.42282900,-6.91109100,2004-07-24,3210,6010,1,4,Sin datos,145,11,18,0,493912
2001290138,590.0000,1370.41,0,1,4,ANDALUCIA,29,MALAGA,COSTA DEL SOL,MIJAS,36.59926400,-4.66094100,2001-07-18,2045,5090,0,2,OTRAS NEGLIGENCIAS (SIN ESPECIFICAR),592,21,17,398826,82901
2005430186,588.0800,1368.18,0,0,2,CATALUÑA,43,TARRAGONA,RIBERA D EBRE,RIBA-ROJA D' EBRE,41.23135600,0.40009000,2005-08-22,1603,3029,0,3,LÍNEAS ELÉCTRICAS,738,70,17,0,0
2001130028,584.7500,1364.30,0,0,11,CASTILLA-MANCHA,13,CIUDAD REAL,MONTES NORTE,PIEDRABUENA,39.09108600,-4.30089300,2001-06-24,720,900,0,3,MOTORES Y MÁQUINAS (SIN ESPECIFICAR),88,11,2,0,540912
2004490432,581.7500,1360.79,0,0,17,CASTILLA Y LEON,49,ZAMORA,ALCAÑICES,S VITERO,41.77123100,-6.34081400,2004-08-07,255,1575,0,2,ESCAPE DE VERTEDERO,156,11,8,0,0
2011240586,580.0000,1358.74,0,0,17,CASTILLA Y LEON,24,LEON,TRUCHAS,CASTRILLO DE CABRERA,42.38175600,-6.53963900,2011-10-18,3540,6330,1,4,Provocados por pastores y ganaderos para regenerar el pasto,93,1,4,0,0
2010240135,577.0000,1355.22,0,0,17,CASTILLA Y LEON,24,LEON,TRUCHAS,ENCINEDO,42.24759500,-6.67437800,2010-08-09,5049,7415,1,4,Sin datos,43,1,10,0,0
2011290110,576.9500,1355.17,0,0,4,ANDALUCIA,29,MALAGA,COSTA DEL SOL,MIJAS,36.56604700,-4.73751100,2011-09-11,2185,2965,0,2,HOGUERAS,681,44,21,0,0